feature,group,kind,modelled,actionable,role,auc,auc_lo,auc_hi,p,test,odds_ratio,or_lo,or_hi,or_corrected,n_nonrecordable,n_nonrecordable_unconf,n_nonrecordable_conf,q,strength
SEX,Profile,binary,True,False,"Candidate predictor, fixed",0.5491902834008097,0.4772739541160594,0.6227395411605938,0.18834443635446652,chi-square,1.5855421686746989,0.7955719116499056,3.1599204695803014,False,,,,0.23019875554434796,0.049190283400809665
AGE,Profile,continuous,True,False,"Candidate predictor, fixed",0.6576248313090418,0.5684547908232119,0.744809379217274,0.0006069134329898721,Mann-Whitney,,,,,,,,0.0014835661695307984,0.1576248313090418
SUBJ,Profile,binary,True,False,"Candidate predictor, fixed",0.5980431848852902,0.5355448717948718,0.6616059379217274,0.0004450060923713771,chi-square,4.221729490022173,1.812118662541838,9.835448558276399,False,,,,0.001223766754021287,0.09804318488529018
DM_DUR,Profile,continuous,True,False,"Candidate predictor, fixed",0.6819838056680162,0.5889321862348178,0.7644433198380567,7.23309905075163e-05,Mann-Whitney,,,,,,,,0.00031825635823307173,0.1819838056680162
INSULIN,Profile,binary,True,True,"Candidate predictor, counterfactual-actionable",0.5854925775978408,0.5069905533063428,0.655195681511471,0.029045425000872226,chi-square,2.080136402387042,1.0710256194145025,4.040022361837739,False,,,,0.04564281071565635,0.08549257759784079
HBA1C,Profile,continuous,True,True,"Candidate predictor, counterfactual-actionable",0.5451417004048583,0.45876349527665317,0.6292341430499324,0.3269111738598881,Mann-Whitney,,,,,,,,0.3785287276272388,0.04514170040485832
HPN,Comorbidity,binary,True,True,"Candidate predictor, counterfactual-actionable",0.5143724696356275,0.4348178137651822,0.5873144399460188,0.7119850125563824,chi-square,1.1265597147950088,0.5983275400531635,2.1211405226078086,False,,,,0.7119850125563824,0.01437246963562755
PAOD,Comorbidity,binary,True,True,"Candidate predictor, counterfactual-actionable",0.5181511470985155,0.4918353576248313,0.5423076923076923,0.4384500217433591,Fisher,3.186991869918699,0.3829310033106798,26.524144274333864,False,,,,0.482295023917695,0.018151147098515508
DSLPDMIA,Comorbidity,binary,True,True,"Candidate predictor, counterfactual-actionable",0.5702429149797571,0.4945344129554656,0.6465856950067476,0.07673933455239632,chi-square,1.7609649122807018,0.9381842371857291,3.3053181873805944,False,,,,0.10551658500954493,0.0702429149797571
CKD,Comorbidity,binary,True,True,"Candidate predictor, counterfactual-actionable",0.5539811066126855,0.49964743589743593,0.607246963562753,0.08802551078511865,chi-square,2.142857142857143,0.879990345103083,5.218053539162392,False,,,,0.11391536689838885,0.053981106612685514
GBS,Comorbidity,binary,True,False,"Candidate predictor, fixed",0.49507422402159246,0.47368421052631576,0.5076923076923077,0.5178540624460929,Fisher,0.43410852713178294,0.02667688609646714,7.064175805491882,False,,,,0.5425137797054306,0.004925775978407543
DEC_VS,Neurological examination,binary,True,False,"Candidate predictor, fixed",0.7304318488529015,0.6656427125506074,0.7930499325236168,6.465482816476241e-09,chi-square,7.898989898989899,3.7292475510734975,16.731000173582938,False,,,,7.112031098123865e-08,0.23043184885290147
DEC_PPS,Neurological examination,binary,True,False,"Candidate predictor, fixed",0.6645748987854251,0.5916177462887989,0.7336858974358974,3.406178017127414e-05,chi-square,4.067924528301887,2.049546454359591,8.073986287434888,False,,,,0.00018733979094200776,0.16457489878542508
DEC_LTS,Neurological examination,binary,True,False,"Candidate predictor, fixed",0.6316464237516869,0.5619315114709852,0.7024291497975709,0.0009094889269137246,chi-square,3.0134158926728585,1.5499573322123528,5.858661495701908,False,,,,0.0019026058482504815,0.1316464237516869
DEC_AR,Neurological examination,binary,True,False,"Candidate predictor, fixed",0.7479757085020243,0.684885290148448,0.8082995951417004,4.264906799608014e-10,chi-square,10.074074074074074,4.533889799056095,22.384083634114766,False,,,,9.38279495913763e-09,0.24797570850202433
MNSI,MNSI,continuous,True,False,"Candidate predictor, fixed",0.6724696356275304,0.5848667341430499,0.7564338731443994,0.00016111903261978625,Mann-Whitney,,,,,,,,0.0005063741025193283,0.17246963562753037
FEET_MEAN_ESC,Sudoscan,continuous,True,False,"Candidate predictor, fixed",0.32058029689608636,0.24534412955465587,0.4047334682860998,9.562889484990468e-05,Mann-Whitney,,,,,,,,0.00035063928111631716,0.17941970310391364
FEET_PCT_ASYM,Sudoscan,continuous,True,False,"Candidate predictor, fixed",0.6516194331983806,0.5638326585695007,0.7328609986504724,0.0009513029241252407,Mann-Whitney,,,,,,,,0.0019026058482504815,0.15161943319838056
HAND_MEAN_ESC,Sudoscan,continuous,True,False,"Candidate predictor, fixed",0.38596491228070173,0.2986487854251012,0.4731697031039135,0.013168564136315635,Mann-Whitney,,,,,,,,0.02228526238453415,0.11403508771929827
HAND_PCT_ASYM,Sudoscan,continuous,True,False,"Candidate predictor, fixed",0.5861673414304993,0.49898785425101216,0.6732135627530365,0.06082844688103128,Mann-Whitney,,,,,,,,0.08921505542551254,0.08616734143049931
NS,Sudoscan,continuous,True,False,"Candidate predictor, fixed",0.2807017543859649,0.19608130904183538,0.36364203778677456,1.842371425659194e-06,Mann-Whitney,,,,,,,,1.3510723788167424e-05,0.2192982456140351
CAS,Sudoscan,continuous,True,False,"Candidate predictor, fixed",0.6354251012145749,0.5447790148448044,0.7245006747638326,0.003209370663149467,Mann-Whitney,,,,,,,,0.0058838462157740235,0.13542510121457485
SSA_L,Nerve conduction study,continuous,False,False,Excluded (outcome-definitional),0.07341430499325236,0.03900134952766532,0.11450910931174088,1.3209496536391383e-20,Mann-Whitney,,,,,35.0,0.0,35.0,2.0838185513940707e-19,0.42658569500674764
SSC_L,Nerve conduction study,continuous,False,False,Excluded (outcome-definitional),0.2261808367071525,0.16119601889338733,0.29488866396761126,2.320927495895852e-09,Mann-Whitney,,,,,35.0,0.0,35.0,2.9840496375803812e-09,0.2738191632928475
SPSA_L,Nerve conduction study,continuous,False,False,Excluded (outcome-definitional),0.1360323886639676,0.08689946018893387,0.19453609986504722,1.1870018008933286e-15,Mann-Whitney,,,,,53.0,1.0,52.0,2.6707540520099895e-15,0.3639676113360324
SPSC_L,Nerve conduction study,continuous,False,False,Excluded (outcome-definitional),0.20479082321187583,0.14372300944669367,0.27146423751686904,8.398779623833019e-11,Mann-Whitney,,,,,53.0,1.0,52.0,1.374345756627221e-10,0.2952091767881242
MCV_L,Nerve conduction study,continuous,False,False,Excluded (outcome-definitional),0.18279352226720647,0.12556848852901487,0.2442661943319838,5.289695973031392e-12,Mann-Whitney,,,,,2.0,0.0,2.0,9.521452751456505e-12,0.31720647773279353
DL_L,Nerve conduction study,continuous,False,False,Excluded (outcome-definitional),0.7243589743589743,0.6518859649122807,0.7983181511470985,1.063345735861749e-06,Mann-Whitney,,,,,2.0,0.0,2.0,1.1258954850300872e-06,0.22435897435897434
CMAPANK_L,Nerve conduction study,continuous,False,False,Excluded (outcome-definitional),0.08022941970310392,0.04223346828609986,0.1271356275303643,6.991543412815116e-20,Mann-Whitney,,,,,2.0,0.0,2.0,2.8810526895688763e-19,0.41977058029689607
CMAPKNE_L,Nerve conduction study,continuous,False,False,Excluded (outcome-definitional),0.0747638326585695,0.036302294197031036,0.11700742240215924,2.315353945993412e-20,Mann-Whitney,,,,,2.0,0.0,2.0,2.0838185513940707e-19,0.4252361673414305
FWAVE_L,Nerve conduction study,continuous,False,False,Excluded (outcome-definitional),0.778812415654521,0.7115182186234819,0.8414372469635627,1.3398294125807253e-09,Mann-Whitney,,,,,4.0,0.0,4.0,1.8551484174194659e-09,0.278812415654521
SSA_R,Nerve conduction study,continuous,False,False,Excluded (outcome-definitional),0.08097165991902834,0.04358974358974359,0.12469635627530365,6.153080497741947e-20,Mann-Whitney,,,,,35.0,0.0,35.0,2.8810526895688763e-19,0.4190283400809717
SSC_R,Nerve conduction study,continuous,False,False,Excluded (outcome-definitional),0.23049932523616734,0.16902665317139004,0.2972537112010795,4.122933354276092e-09,Mann-Whitney,,,,,35.0,0.0,35.0,4.94752002513131e-09,0.26950067476383266
SPSA_R,Nerve conduction study,continuous,False,False,Excluded (outcome-definitional),0.12995951417004048,0.08083333333333333,0.18597334682860994,3.972827205538623e-16,Mann-Whitney,,,,,53.0,1.0,52.0,1.0215841385670746e-15,0.3700404858299595
SPSC_R,Nerve conduction study,continuous,False,False,Excluded (outcome-definitional),0.2174089068825911,0.15512145748987854,0.2845529689608637,5.108660129880498e-10,Mann-Whitney,,,,,53.0,1.0,52.0,7.662990194820747e-10,0.28259109311740893
MCV_R,Nerve conduction study,continuous,False,False,Excluded (outcome-definitional),0.149055330634278,0.09419534412955466,0.20938933873144394,2.3192728678480466e-14,Mann-Whitney,,,,,2.0,0.0,2.0,4.638545735696093e-14,0.350944669365722
DL_R,Nerve conduction study,continuous,False,False,Excluded (outcome-definitional),0.6300269905533064,0.5406831983805668,0.7130296896086369,0.0046888783172356055,Mann-Whitney,,,,,2.0,0.0,2.0,0.0046888783172356055,0.13002699055330635
CMAPANK_R,Nerve conduction study,continuous,False,False,Excluded (outcome-definitional),0.09507422402159245,0.05229251012145749,0.1419838056680161,1.3088397134747147e-18,Mann-Whitney,,,,,2.0,0.0,2.0,3.926519140424144e-18,0.40492577597840756
CMAPKNE_R,Nerve conduction study,continuous,False,False,Excluded (outcome-definitional),0.08090418353576248,0.03899460188933873,0.13023954116059375,8.002924137691323e-20,Mann-Whitney,,,,,2.0,0.0,2.0,2.8810526895688763e-19,0.41909581646423755
FWAVE_R,Nerve conduction study,continuous,False,False,Excluded (outcome-definitional),0.7445344129554656,0.674342105263158,0.812419028340081,1.0546819875728104e-07,Mann-Whitney,,,,,8.0,0.0,8.0,1.1865172360194117e-07,0.24453441295546563
