threshold,net_benefit,treat_all,ci_lower,ci_upper
0.005,0.6936554429903529,0.6936554429903529,0.6291618520409534,0.7635234998522021
0.01,0.6921082482579809,0.6921082482579809,0.6272889321017663,0.7623291740938799
0.015,0.6905453459648742,0.6905453459648742,0.6253969977469529,0.7611227232009554
0.02,0.6889664956891848,0.6889664956891848,0.6234857579395394,0.7599039615846338
0.025,0.6873714520773344,0.6873714520773344,0.6215549156725627,0.7586726998491704
0.030000000000000002,0.6857599647169084,0.6857599647169084,0.6196041678152048,0.7574287446937538
0.034999999999999996,0.684131778005597,0.684131778005597,0.6176332049541436,0.756171898811338
0.04,0.6824866310160428,0.6824866310160428,0.6156417112299465,0.7549019607843137
0.045,0.6810762382058964,0.6808242573564409,0.6138750454965421,0.7538707058263572
0.049999999999999996,0.6794258373205742,0.679144385026738,0.6118702504925415,0.7526034337179848
0.055,0.6780692074809722,0.6774467362702656,0.6098520216167275,0.7516417678182384
0.06,0.6764136989418591,0.6757310274206394,0.6078052110592786,0.7503783138013425
0.065,0.6747404844290658,0.6739969687437445,0.6057365094798249,0.7491013469072607
0.07,0.6734517854062446,0.6722442642746248,0.6036455637973664,0.7486056005980104
0.07500000000000001,0.6717733776557306,0.6704726116490822,0.6015320132967191,0.7473623355976297
0.08,0.670076726342711,0.6686817019297838,0.5993954894210648,0.7461055568472448
0.085,0.6683615323923906,0.6668712194266678,0.5972356155576984,0.7448350428099705
0.09000000000000001,0.6612798965740142,0.6650408415114297,0.590233296115649,0.7329229593935476
0.095,0.6595266936508405,0.6631902384258576,0.5880580258220817,0.7316202322214672
0.1,0.6583481877599524,0.661319073083779,0.5864527629233511,0.7308972073677955
0.10500000000000001,0.6565888925402563,0.6594270008663699,0.584261942461088,0.7295984823589161
0.11,0.6548098299585411,0.657513669410563,0.5820465060385748,0.7282851649342066
0.115,0.654400435058461,0.6555787183902837,0.5811784343937882,0.7283294057222272
0.12000000000000001,0.6526494895478853,0.6536217792902285,0.5789803111327175,0.7270539620807
0.125,0.6508785332314744,0.6516424751718869,0.5767570664629488,0.7257639419404126
0.13,0.6498862868031224,0.6496404204314955,0.5755670293195648,0.7260572253979962
0.135,0.6489443912089271,0.6476152205495966,0.5747372569626904,0.7248083521374918
0.14,0.6471831861708742,0.6455664718318617,0.5725438378311155,0.7235449570948886
0.14500000000000002,0.6454013822434875,0.64349376114082,0.5702356381148951,0.7222691309378616
0.15,0.643598615916955,0.6413966656181189,0.5677807486631016,0.7209814407046241
0.155,0.6417745150776825,0.6392747523969243,0.5653869885770338,0.7196785115337152
0.16,0.6399286987522281,0.6371275783040489,0.563267125031831,0.7183600713012478
0.165,0.6380607768420379,0.6349546895513786,0.5611218738992603,0.7170258413653976
0.17,0.6361703498485922,0.6327556214161458,0.5588315830165582,0.7156755363700793
0.17500000000000002,0.6342570085885594,0.630529897909577,0.556453573164803,0.7143088640414844
0.18000000000000002,0.6323203338985262,0.628277031433416,0.5540465631929046,0.7129255249771749
0.185,0.6303598963288606,0.625996522423805,0.5516100193563203,0.7115252124274138
0.19,0.6283752558262362,0.6236878589819767,0.54914339473163,0.7101076120683965
0.195,0.6263659614043245,0.6213505164911814,0.546646128807254,0.708672401767031
0.2,0.6256684491978609,0.6189839572192514,0.5454211229946524,0.7072526737967915
0.20500000000000002,0.6236504893552618,0.6165876299061649,0.5429060303366628,0.7057822957656475
0.21000000000000002,0.6230284979354227,0.6141609693359507,0.5421292222297435,0.7056792797671427
0.215,0.6156544841445553,0.6117033958922307,0.5339078306481829,0.7012841036820056
0.22,0.6082544906074319,0.609214315096668,0.5274749760043878,0.695070615658851
0.225,0.6077281352423668,0.6066931171295498,0.5287217526306711,0.6943246506813869
0.23,0.6019167997777624,0.6041391763316897,0.5217723453017571,0.6884644766997708
0.23500000000000001,0.599874174268638,0.6015518506867987,0.5192758030128273,0.6870539303065254
0.24000000000000002,0.5978046721080778,0.5989304812834224,0.5167464114832536,0.6856248240923163
0.245,0.5974430711477848,0.5962743917554981,0.5157373304529519,0.6860900591422601
0.25,0.5953654188948307,0.5935828877005348,0.5133244206773618,0.684536541889483
0.255,0.5932598786921724,0.5908552560743638,0.5107463302587661,0.6829549940781681
0.26,0.5911258852435324,0.5880907645613528,0.5081334007804595,0.6813520739991328
0.265,0.5928189457601223,0.585288660918913,0.5093673833169632,0.6811924769907962
0.27,0.585378360559666,0.58244817229507,0.5022141235074353,0.671897663174859
0.275,0.5873132952240457,0.5795685045177945,0.5041351650378019,0.676415268301678
0.28,0.5852644087938206,0.5766488413547237,0.5014780154486036,0.6747326203208556
0.28500000000000003,0.5831868666093265,0.5736883437418197,0.49878370292808794,0.6730264388018398
0.29000000000000004,0.5832642916321458,0.5706861489794381,0.4982300218422836,0.6734258492129246
0.295,0.5758334281488224,0.5676413698941859,0.4915234952781886,0.6655127621648272
0.3,0.573720397249809,0.5645530939648586,0.48892284186401824,0.6638846447669978
0.305,0.5739237487015735,0.5614203824106491,0.4862847689762628,0.6629294425422227
0.31,0.5718050065876152,0.5582422692397117,0.483608463148105,0.6611466325660698
0.315,0.566766852726492,0.55501776025606,0.482861352902143,0.6565000585502946
0.32,0.5539477823214848,0.5517458320226486,0.47026580685750236,0.6461308587606165
0.325,0.5517924341453754,0.548425430778372,0.4674143394731631,0.6444939591998415
0.33,0.5496049165935031,0.5450554713065687,0.4645203128741321,0.6428326283023384
0.335,0.5473845040408508,0.5416348357524828,0.46166117164569176,0.6411483253588517
0.34,0.5397828552908767,0.5381623723869713,0.453731161886242,0.6340949602981688
0.34500000000000003,0.5374943870678042,0.5346368943135894,0.451068498183451,0.6323631465077356
0.35000000000000003,0.5351707116412998,0.5310571781160016,0.4483648704236939,0.6306046894282188
0.35500000000000004,0.5328110102391908,0.5274219624424823,0.4456193259544832,0.6288189694482443
0.36,0.5304144385026738,0.5237299465240641,0.44283088235294116,0.6270053475935828
0.365,0.5279801254789676,0.5199797886226789,0.439998526253737,0.6251631647648321
0.37,0.5255071725659961,0.5161701044053986,0.4371212121212121,0.6232917409387997
0.375,0.5229946524064171,0.5122994652406417,0.43419786096256685,0.6213903743315508
0.38,0.523719165085389,0.5083663964119371,0.43332758323270654,0.6227358978782128
0.385,0.5211947306638842,0.5043693752445546,0.4302421633842006,0.6208425720620843
0.39,0.5220478653458402,0.5003068291400017,0.4320154291224686,0.6189664241255369
0.395,0.5195120873292969,0.4961771335130596,0.4290449463030892,0.617008441242763
0.4,0.5169340463458111,0.4919786096256684,0.4260249554367201,0.6150178253119428
0.405,0.5126050420168067,0.4877095223115984,0.4210162674695546,0.6108052846807172
0.41000000000000003,0.5046678147376054,0.48336807758542555,0.41192785280522065,0.6039268557962476
0.41500000000000004,0.509621097856392,0.47895242012889067,0.4182092417386535,0.6079562594268477
0.42000000000000004,0.5070993914807301,0.4744606306472432,0.4148995021205974,0.6061359026369169
0.425,0.49918623575912574,0.469890723087654,0.4061439200186003,0.5991629853522437
0.43,0.4965756637583263,0.46524064171123,0.4027277418144291,0.5970541326578478
0.435,0.4885712933604657,0.4605082580095594,0.39390350669632296,0.5898277412332591
0.44,0.4942704354469061,0.45569136745607336,0.39876814362108487,0.593229564553094
0.445,0.49062966710025535,0.4507876860818037,0.3953581924170159,0.5891759406465289
0.45,0.4827418570734079,0.4457948468643656,0.38785853184248914,0.5829241614000973
0.455,0.4801550311534121,0.4407103959181671,0.38459500564195653,0.5809694353137418
0.46,0.4820756585462468,0.4355317884729649,0.3859625668449198,0.5834818775995247
0.465,0.47948423209555696,0.43025638462691784,0.38272527362686787,0.5815383077615074
0.47000000000000003,0.47684391080617494,0.4248814448592473,0.3794319443043083,0.5795580667944709
0.47500000000000003,0.48382989559460143,0.4194041252864782,0.3880761395467277,0.5862235803412273
0.48000000000000004,0.4759358288770053,0.413821472645002,0.38169477581242295,0.5751028383381324
0.485,0.4783759929390997,0.4081304189813613,0.3836457089455377,0.5819246145059966
0.49,0.4758309741008703,0.4023277760301982,0.38060186641501526,0.5804917689000735
0.495,0.4732355588500026,0.39641022925821995,0.3774977497749775,0.579030550113835
0.5,0.4759358288770053,0.39037433155080214,0.3796791443850268,0.5775401069518717
0.505,0.47334305623075673,0.3842164965159618,0.3764327769675364,0.57602765624156
0.51,0.4706973698570337,0.3779329913783695,0.3731201571537706,0.5744843391902216
0.515,0.46264953966591316,0.3715199294338166,0.36374662329786644,0.5676208721539224
0.52,0.44919786096256686,0.3649732620320855,0.35026737967914434,0.5534870766488413
0.525,0.44103574444131716,0.3582887700534759,0.3427877849704475,0.547706163805235
0.53,0.44419160314028894,0.35146205484127885,0.3445044942541814,0.5519569916941631
0.535,0.4413777241101719,0.3444885285492496,0.3410758438272671,0.5502400667011672
0.54,0.4447802836549639,0.33736340385956753,0.3413101604278075,0.5501278772378516
0.545,0.4366222013280836,0.33008168302285945,0.332959687371452,0.5424002468120114
0.55,0.433749257278669,0.3226381461675578,0.329159239453357,0.540701128936423
0.555,0.4254641591059304,0.31502733882112594,0.3199227903623145,0.5323889923691641
0.56,0.4117647058823529,0.30724355858045693,0.3038405444822557,0.519725328147788
0.5650000000000001,0.40334378265412746,0.2992808408629909,0.29109195402298854,0.5108273403405248
0.5700000000000001,0.3895037930605645,0.29113294366372333,0.2738092277079965,0.4979480164158686
0.5750000000000001,0.370242214532872,0.28279333123623773,0.25477351368354834,0.4781377791758414
0.5800000000000001,0.3669467787114845,0.2742551566080977,0.2498026483320601,0.4761904761904761
0.585,0.3582243412151279,0.2655112428322918,0.24342825848849955,0.4689275819856968
0.59,0.349419590452589,0.25655406286683197,0.233670275205426,0.46316029737837494
0.595,0.3458770713672674,0.2473757179639533,0.22915758896151064,0.46038489469862015
0.6,0.3422459893048128,0.23796791443850274,0.2245320855614974,0.4572860962566845
0.605,0.33852298111419477,0.22832193867190148,0.21914641575847832,0.4550649834156908
0.61,0.33470451117509936,0.21842863019333608,0.21362265185794596,0.4527869189633895
0.615,0.33398152649489554,0.2082783526633794,0.21640391693867628,0.4526824779498575
0.62,0.3301435406698565,0.19786096256684493,0.21164508865747256,0.4501055446101885
0.625,0.32620320855614976,0.1871657754010695,0.20672905525846702,0.4474598930481283
0.63,0.32215638097991045,0.17618152912270557,0.20114539673363205,0.44474273738979614
0.635,0.3273020291553733,0.1648963445901399,0.20215368837447806,0.45125448685078007
0.64,0.32739156268568037,0.15329768270944744,0.20259952465834818,0.4504456327985739
0.645,0.32341643443548995,0.14137229795887618,0.19753521126760562,0.4483429991714995
0.65,0.31932773109243695,0.1291061879297173,0.19173032849503435,0.44618029029793727
0.655,0.309772921026118,0.1164845384794233,0.18040959466790665,0.4386344261024568
0.66,0.3000943692985215,0.1034916640452972,0.17228688266750555,0.43065429380308273
0.665,0.306249501157315,0.09011094261313746,0.17822451911565163,0.43930281746348465
0.67,0.3074056068708475,0.07632474477394247,0.1774347755631178,0.44203127532004516
0.675,0.2924722336487041,0.06211435623200312,0.1599136157959688,0.42413615795968734
0.68,0.28275401069518713,0.047459893048128254,0.1503676470588235,0.41649398395721915
0.685,0.2728970376029199,0.0323402088107968,0.13892920804685507,0.40968296409472876
0.6900000000000001,0.2575470070726237,0.016732792823874187,0.12066154907710885,0.39441521476625835
0.6950000000000001,0.25273954589287273,0.0006136582800033707,0.11385333567107916,0.39217147365652666
0.7000000000000001,0.24242424242424235,-0.016042780748663277,0.09795008912655973,0.3832887700534759
0.7050000000000001,0.2319405420103326,-0.033263844829149125,0.08392323030907266,0.3802229674612526
0.71,0.21593214088143092,-0.05107873870551349,0.07368615157661819,0.36106859671768393
0.715,0.20508490477530728,-0.06951871657754005,0.060075992119335835,0.3526315789473684
0.72,0.19938884644767,-0.08861726508785328,0.05040106951871664,0.349942704354469
0.725,0.19688867282450176,-0.1084103062712688,0.05201750121536214,0.3422824501701507
0.73,0.19112695583283826,-0.12893642305406994,0.04337492572786694,0.3389185977421271
0.735,0.17980022197558274,-0.15023711028150522,0.02611492281303607,0.3317525981232974
0.74,0.1834635952283011,-0.17235705470999574,0.03654874537227484,0.33156108597285067
0.745,0.1774142812205096,-0.1953444479396036,0.02649680192932789,0.32637884030617587
0.75,0.1657754010695187,-0.2192513368983957,0.01604278074866311,0.3208556149732621
0.755,0.1757066462948816,-0.244134017243261,0.01798537596856929,0.32452526465131504
0.76,0.16934046345811052,-0.27005347593582896,0.008868092691622143,0.3226381461675579
0.765,0.15200819205825467,-0.2970758903174423,-0.008678461713505545,0.30199965866423933
0.77,0.14508253894443157,-0.32527319228086504,-0.019303650313880507,0.2987735410369681
0.775,0.12715389185977416,-0.35472370766488426,-0.04223113487819369,0.28348187759952465
0.78,0.11424404472532818,-0.38551288283908625,-0.05645357316480311,0.2756562955760817
0.785,0.12050739957716694,-0.41773411267255345,-0.04825270488745187,0.280437756497948
0.79,0.10211357270180793,-0.45148968678380463,-0.0679971988795519,0.26041507512095735
0.795,0.08869179600886912,-0.4868918742663365,-0.08461914699360895,0.25194339376548835
0.8,0.11229946524064166,-0.5240641711229949,-0.04826203208556146,0.267379679144385
0.805,0.11613876319758668,-0.5631427396133283,-0.04843685726038672,0.2632661456190868
0.81,0.1035744441317196,-0.6042780748663105,-0.06392485223754579,0.2550309597523219
0.8150000000000001,0.10348316230669163,-0.6476369417545892,-0.06361829744182697,0.2544262176615117
0.8200000000000001,0.09090909090909086,-0.6934046345811057,-0.07904040404040412,0.24486036838978004
0.8250000000000001,0.10847975553857903,-0.741787624140566,-0.04969442322383506,0.26126814362108475
0.8300000000000001,0.09059452658068565,-0.7930166719094062,-0.07213746461151309,0.2438738597043094
0.8350000000000001,0.07762113109706684,-0.8473505104521154,-0.09054043104845254,0.23475530708151016
0.84,0.06417112299465244,-0.9050802139037429,-0.11363636363636359,0.23128342245989303
0.845,0.05019837847162334,-0.9665344143522508,-0.1277859237536655,0.22028635501121274
0.85,0.035650623885918054,-1.0320855614973259,-0.15516934046345804,0.21042780748663095
0.855,0.04665314401622722,-1.1021574774110268,-0.13185967176839383,0.20967637838834594
0.86,0.026737967914438554,-1.1772345301757063,-0.16273873185637888,0.19482429335370513
0.865,0.04575163398692811,-1.2578728461081399,-0.13097147950089116,0.21489403842345023
0.87,0.03661044837515426,-1.3447141094199915,-0.14776840806252556,0.21184697655285895
0.875,0.016042780748663082,-1.4385026737967914,-0.1764705882352941,0.1978609625668449
0.88,-0.00534759358288775,-1.5401069518716577,-0.20686274509803915,0.18186274509803912
0.885,-0.02232039060683566,-1.6505463845617299,-0.2298070216228783,0.16903045803301558
0.89,-0.0456976178901313,-1.7710257656781723,-0.2669056878949927,0.15410792416140007
0.895,-0.06493506493506501,-1.902979373567609,-0.2928444104914694,0.1413992869875222
0.9,-0.042780748663101636,-2.0481283422459895,-0.2728609625668449,0.1498663101604277
0.905,-0.06220095693779909,-2.208556149732621,-0.31156768927666767,0.14157050379960595
0.91,-0.09387997623291747,-2.386809269162211,-0.3636512180629829,0.12253416518122388
0.915,-0.12205095942120175,-2.586033343818812,-0.39921358917898725,0.10821012897137462
0.92,-0.14171122994652424,-2.8101604278074888,-0.43850267379679175,0.10427807486631012
0.925,-0.11408199643493777,-3.0641711229946544,-0.39393939393939426,0.11238859180035643
0.93,-0.16119174942704373,-3.3544690603514162,-0.4508594346829643,0.08403361344537812
0.935,-0.10777457836281389,-3.6894282188399874,-0.3814582476347186,0.12834224598930483
0.9400000000000001,-0.14438502673796821,-4.08021390374332,-0.4332887700534764,0.10882352941176454
0.9450000000000001,-0.08215848322800214,-4.54205153135635,-0.3525887214389892,0.12299465240641712
0.9500000000000001,-0.1176470588235297,-5.096256684491987,-0.42245989304812903,0.10695187165775401
0.9550000000000001,-0.1467617349970295,-5.773618538324431,-0.48722519310754697,0.10160427807486631
0.9600000000000001,-0.04812834224598954,-6.620320855614987,-0.32098930481283483,0.11229946524064172
0.965,-0.07792207792207778,-7.708938120702818,-0.3836325439266611,0.0962566844919786
0.97,-0.10873440285204974,-9.160427807486624,-0.4652406417112296,0.09090909090909091
0.975,0.06417112299465241,-11.192513368983946,0.03208556149732621,0.10160427807486631
0.98,0.0374331550802139,-14.240641711229934,0.0106951871657754,0.06417112299465241
0.985,0.026737967914438502,-19.320855614973247,0.0053475935828877,0.053475935828877004
0.99,0.0106951871657754,-29.481283422459867,0.0,0.026737967914438502
0.995,0.0,-59.962566844919735,0.0,0.0
